farm_id,country_name
6ef21d68-43b0-11ec-a10c-0242ac150003,United Kingdom
692924e2-b2ad-11eb-8a72-0242ac130002,United Kingdom
42b48066-d410-11eb-b30e-0242ac130002,United Kingdom
81908e8c-f6d0-11eb-99b9-0242ac140002,United Kingdom
9347c25c-2a75-11ec-b5ed-0242ac140002,United Kingdom
ad3a2ce6-57c9-11ec-bc4c-0242ac150004,United Kingdom
bba4641a-57d1-11ec-bc4c-0242ac150004,United Kingdom
f4103888-57d1-11ec-bc4c-0242ac150004,United Kingdom
1009c4e8-5e6f-11ec-a170-0242ac150004,United Kingdom
a1bd57ea-7efb-11ec-bfb8-0242ac150004,United Kingdom
